Date,DCBF,DCDE,DCDS,DCIP,Diamond
2019-01-03,17819.18,15704.04,35866.3,,
2019-01-10,17856.73,15986.89,36472.72,,
2019-01-17,17890.5,15998.56,36762.22,,
2019-01-24,17885.56,16063.35,36765.84,,
2019-01-31,17913.11,16099.6,36859.69,,
2019-02-07,17975.66,16077.41,36854.41,,
2019-02-14,17985.2,16629.53,37901.02,,
2019-02-21,18044.0,17049.84,38827.15,,
2019-02-28,18073.29,16768.45,38209.93,,
2019-03-07,18095.65,17164.79,39020.29,,
2019-03-14,18104.39,17410.21,39571.3,,
2019-03-21,18157.73,16949.26,38692.63,,
2019-03-28,18185.39,16898.77,38615.0,,
2019-04-04,18189.0,17006.16,38739.56,,
2019-04-11,18240.27,16911.93,38543.86,,
2019-04-18,18266.73,16651.28,37976.7,,
2019-04-25,18267.87,16845.76,38347.56,,
2019-05-02,18295.55,17020.44,38652.74,,
2019-05-09,18324.12,16445.34,37620.09,,
2019-05-12,19318.6,,,,
2019-05-16,18357.74,16840.81,38276.69,,
2019-05-23,18384.46,17117.37,38823.7,,
2019-05-30,18412.27,16831.45,38290.07,,
2019-06-06,18467.78,16440.96,37538.9,,
2019-06-13,18450.36,16542.05,37702.0,,
2019-06-20,18481.32,16758.03,38147.37,,
2019-06-27,18572.32,16452.92,37633.45,,
2019-07-04,18648.8,16940.04,38596.87,,
2019-07-11,18678.06,17010.6,38741.2,,
2019-07-18,18672.81,17110.22,39099.56,,
2019-07-25,18699.99,17490.43,39885.03,,
2019-08-01,18732.04,17555.53,40065.49,,
2019-08-08,18764.26,17357.18,39953.88,,
2019-08-15,18794.76,17580.08,40509.05,,
2019-08-22,18829.44,17814.43,40926.72,,
2019-08-29,18862.25,17519.62,40419.23,,
2019-09-05,18887.37,17442.5,40175.31,,
2019-09-12,18922.93,17514.15,40286.62,,
2019-09-19,18950.44,18075.1,41450.22,,
2019-09-26,18976.85,17991.75,41321.76,,
2019-10-03,19001.73,18029.84,41450.97,,
2019-10-10,19038.75,17902.3,41190.88,,
2019-10-17,19056.85,17975.89,41348.35,,
2019-10-24,19077.15,18124.16,41736.73,,
2019-10-31,19125.51,18091.58,41652.06,,
2019-11-07,19148.91,18543.14,42537.25,,
2019-11-14,19186.28,18210.07,41834.88,,
2019-11-21,19256.12,17829.27,41048.53,,
2019-11-28,19245.3,17428.31,40279.89,,
2019-12-05,19318.6,17318.88,40057.68,,
2019-12-12,19285.33,17477.31,40475.31,,
2019-12-19,19379.72,17218.55,40001.51,,
2019-12-26,19424.45,17448.18,40532.94,,
2020-01-02,19460.99,17664.14,41030.86,,
2020-01-09,19491.93,17500.95,40703.68,,
2020-01-16,19485.56,17801.01,41298.5,,
2020-01-23,19513.25,18188.65,42121.95,,
2020-01-30,19544.03,17555.22,40901.7,,
2020-02-06,19568.61,17233.03,40407.53,,
2020-02-13,19598.91,17223.17,40426.99,,
2020-02-20,19627.63,17392.76,40952.86,,
2020-02-27,19654.03,16792.8,39829.38,,
2020-03-05,19772.8,16644.72,39522.26,,
2020-03-12,19847.81,13992.4,34154.75,,
2020-03-19,19758.26,13104.33,32555.57,,
2020-03-26,19776.88,12438.65,31139.19,,
2020-04-02,19803.15,12139.53,30470.51,,
2020-04-09,19834.91,13476.68,33305.29,,
2020-04-16,19863.0,13859.57,34185.6,,
2020-04-23,19887.41,13859.6,34342.14,,
2020-04-28,,,,,10866.61
2020-04-30,19893.92,13901.44,34371.99,,
2020-05-04,,,,,10772.59
2020-05-05,,,,,10800.09
2020-05-06,,,,,10985.66
2020-05-07,19898.34,14372.5,35274.91,,11146.26
2020-05-11,,,,,11693.36
2020-05-13,,,,,12138.29
2020-05-14,19927.56,15010.03,36501.17,,12037.99
2020-05-17,,,,,11857.02
2020-05-21,19947.39,15541.36,37682.07,,
2020-05-28,19966.03,15588.24,37754.58,,
2020-06-04,19989.41,16119.03,38826.46,,
2020-06-11,20005.15,15733.36,37920.83,,
2020-06-18,20035.77,15631.11,37643.46,,
2020-06-25,20061.95,15576.61,37565.21,,
2020-07-02,20086.21,15345.78,37167.51,,
2020-07-09,20109.76,15926.07,38353.77,,
2020-07-16,20126.13,15942.19,38462.82,,
2020-07-23,20145.49,15691.59,38101.98,,
2020-07-30,20169.77,14635.4,35961.48,,
2020-08-06,20212.86,15381.4,37639.24,,
2020-08-13,20238.21,15773.51,38434.95,,
2020-08-20,20254.99,15719.95,38401.63,,
2020-08-27,20277.13,16317.02,39602.78,,
2020-09-03,20303.19,16676.94,40289.87,,
2020-09-06,,,,,12884.58
2020-09-07,,,,,12507.45
2020-09-09,,,,,12663.39
2020-09-10,20328.12,16443.1,39847.54,,
2020-09-13,,,,,12742.45
2020-09-14,,,,,12813.15
2020-09-15,,,,,12807.85
2020-09-16,,,,,12872.01
2020-09-17,20353.06,16582.63,40103.79,,12827.81
2020-09-21,,,,,13190.77
2020-09-24,20375.98,16950.91,40867.79,,13300.11
2020-09-27,,,,,13255.53
2020-09-28,,,,,13434.36
2020-09-30,,,,,13338.55
2020-10-01,20399.88,17138.93,41243.6,,13507.27
2020-10-04,,,,,13395.7
2020-10-05,,,,,13574.54
2020-10-06,,,,,13589.86
2020-10-07,,,,,13516.08
2020-10-08,20426.53,17266.93,41566.05,,13547.04
2020-10-11,,,,,13553.5
2020-10-12,,,,,13517.89
2020-10-14,,,,,13731.15
2020-10-15,20449.14,17507.11,42133.78,,13773.83
2020-10-18,,,,,13957.17
2020-10-19,,,,,14065.64
2020-10-20,,,,,14176.69
2020-10-21,,,,,14067.23
2020-10-22,20473.34,17724.82,42825.51,,14292.92
2020-10-26,,,,,14084.43
2020-10-27,,,,,14011.4
2020-10-28,,,,,13537.81
2020-10-29,20487.44,17057.28,41509.84,,13480.95
2020-11-01,,,,,13640.51
2020-11-02,,,,,13756.47
2020-11-03,,,,,13876.01
2020-11-04,,,,,13956.25
2020-11-05,20524.29,17445.82,42557.89,,13876.91
2020-11-08,,,,,13814.82
2020-11-09,,,,,14044.02
2020-11-10,,,,,13983.25
2020-11-11,,,,,14026.23
2020-11-12,20529.43,17913.12,43815.31,,14272.36
2020-11-15,,,,,14456.62
2020-11-16,,,,,14313.68
2020-11-17,,,,,14592.51
2020-11-18,,,,,14585.05
2020-11-19,20556.59,18685.29,45670.87,,14677.05
2020-11-22,,,,,14707.72
2020-11-23,,,,,14885.97
2020-11-24,,,,,14850.27
2020-11-25,,,,,14891.01
2020-11-26,20585.31,18972.47,46286.34,,15014.2
2020-11-29,,,,,15218.38
2020-11-30,,,,,15261.86
2020-12-01,,,,,15408.47
2020-12-02,,,,,15449.54
2020-12-03,20628.8,19301.77,47636.92,,
2020-12-06,,,,,15425.76
2020-12-07,,,,,15481.7
2020-12-08,,,,,15566.99
2020-12-09,,,,,15720.41
2020-12-10,20664.3,19485.81,47645.08,,15510.05
2020-12-13,,,,,15744.44
2020-12-14,,,,,15925.17
2020-12-15,,,,,15824.4
2020-12-16,,,,,16129.24
2020-12-17,20697.1,19862.12,49205.44,,15974.85
2020-12-20,,,,,16387.0
2020-12-21,,,,,16647.57
2020-12-22,,,,,16800.67
2020-12-23,,,,,16563.12
2020-12-24,20716.91,20028.23,49569.28,,16322.9
2020-12-27,,,,,16660.66
2020-12-28,,,,,16619.58
2020-12-29,,,,,16664.99
2020-12-30,,,,,16704.27
2020-12-31,20756.15,20663.77,51031.62,,
2021-01-03,,20660.06,51025.8,,16972.06
2021-01-05,,21350.62,52429.64,,
2021-01-06,,21580.23,52856.94,,
2021-01-07,20779.52,21774.8,53401.91,,
2021-01-10,,21885.42,53892.11,,
2021-01-11,,22180.44,54590.58,,18443.34
2021-01-12,,22433.54,54973.39,,18570.85
2021-01-13,,22362.24,54736.45,,18583.8
2021-01-14,20817.58,22419.31,54854.06,,18746.86
2021-01-17,,22547.92,55310.58,,18968.92
2021-01-18,,22472.34,55045.93,,18769.17
2021-01-19,,21247.11,52399.14,,17671.69
2021-01-20,,21347.36,52675.76,,17854.68
2021-01-21,20845.17,22103.71,54390.63,,18478.06
2021-01-24,,22194.23,54733.58,,18657.15
2021-01-25,,22281.36,54968.63,,
2021-01-26,,21738.27,53980.24,,
2021-01-27,,20941.84,52161.27,,
2021-01-28,20845.17,19463.36,48674.83,,
2021-01-31,,20169.67,50529.58,,
2021-02-01,,19704.31,49302.93,,
2021-02-02,,20504.84,50877.9,,
2021-02-03,,21217.97,52399.17,,
2021-02-04,20843.94,21334.84,52686.57,,
2021-02-07,,21657.03,53357.25,,
2021-02-08,,20909.81,51781.63,,
2021-02-11,20802.57,21334.84,52686.57,,
2021-02-16,,21436.16,52904.89,,
2021-02-17,,22275.96,54811.59,,
2021-02-18,20829.07,22553.78,55441.56,,
2021-02-21,,22438.58,55213.99,,
2021-02-22,,,55154.69,,
2021-02-23,,22392.21,55174.06,,
2021-02-24,,22175.4,54660.33,,
2021-02-25,20855.95,22287.68,54949.67,,
2021-02-28,,22443.9,55241.34,,
2021-03-01,,22773.76,55978.08,,
2021-03-02,,22779.65,56079.72,,
2021-03-03,,22849.25,56311.19,,
2021-03-04,20961.16,22449.55,55407.1,,
2021-03-07,,22384.63,55400.64,,
2021-03-08,,22423.23,55432.11,,
2021-03-09,,22293.79,55168.67,,
2021-03-10,,22443.0,55570.51,,
2021-03-11,20973.38,22766.0,56292.92,,
2021-03-14,,22741.89,56214.45,,
2021-03-15,,22791.91,56315.47,,
2021-03-16,,22751.74,56251.11,,
2021-03-17,,22840.32,56432.96,,
2021-03-18,20946.13,23125.11,56933.46,,
2021-03-21,,23049.42,56662.59,,
2021-03-22,,22966.71,56398.12,,
2021-03-23,,22733.4,55918.89,,
2021-03-24,,22241.46,54882.94,,
2021-03-25,21024.68,22181.07,54772.87,,
2021-03-28,,22222.92,54882.9,,
2021-03-29,,22439.19,55275.64,,
2021-03-30,,22536.3,55570.65,,
2021-03-31,,22592.05,55857.15,,
2021-04-01,21053.36,23126.48,56927.47,,
2021-04-04,,23318.27,57324.6,,
2021-04-05,,23500.31,57613.77,,
2021-04-06,,23552.64,57655.46,,
2021-04-07,,23633.16,57810.02,,
2021-04-08,21077.76,23558.54,57597.32,,
2021-04-11,,23586.84,57563.41,,
2021-04-12,,24030.52,58331.34,,
2021-04-13,,23755.37,57634.66,,
2021-04-14,,24091.02,58529.81,,
2021-04-15,21104.08,23973.21,58287.81,,
2021-04-18,,23880.5,58012.97,,
2021-04-19,,24461.68,59297.25,,
2021-04-21,,24522.51,59352.09,,
2021-04-22,21129.43,23739.1,57685.97,,
2021-04-25,,24344.21,58996.84,,
2021-04-26,,23775.52,57836.12,,
2021-04-27,,23926.0,58203.18,,
2021-04-28,,24060.65,58558.61,,
2021-04-29,21189.86,23739.1,57685.97,,
2021-05-03,,24487.43,59250.37,,
2021-05-04,,24849.14,59894.95,,
2021-05-05,,25066.92,60519.1,,
2021-05-06,21222.65,25030.82,60463.09,,
2021-05-09,,25055.62,60554.5,,
2021-05-10,,25383.93,61396.61,,
2021-05-11,,25270.36,61186.44,,
2021-05-12,,25638.5,62202.05,,
2021-05-13,21248.37,25511.13,61782.44,,
2021-05-16,,25555.6,61866.87,,
2021-05-17,,25479.74,61515.33,,
2021-05-18,,25512.04,61892.19,,
2021-05-19,,25878.25,62849.2,,
2021-05-20,21282.9,26200.32,63649.4,,
2021-05-23,,26226.69,63471.88,,
2021-05-24,,26480.07,63709.92,,
2021-05-25,,26743.5,64449.54,,
2021-05-26,,26881.63,64717.82,,
2021-05-27,21300.61,26595.22,63649.4,,
2021-05-28,,,64035.96,,
2021-05-30,,26872.6,65017.68,,
2021-05-31,,27329.06,66307.95,,
2021-06-01,,27645.36,66788.56,,
2021-06-02,,27673.32,66856.37,,
2021-06-03,21360.0,28173.67,67796.19,,
2021-06-06,,28250.84,68031.12,,
2021-06-07,,27686.31,66807.47,,
2021-06-08,,26729.2,64629.9,,
2021-06-09,,27140.86,65418.51,,
2021-06-10,21388.38,27021.15,65453.08,,
2021-06-13,,27694.07,66982.99,9309.14,
2021-06-14,,27858.48,67410.89,9310.28,
2021-06-15,,27855.98,67285.83,9311.27,
2021-06-16,,27515.15,66477.72,9307.47,
2021-06-17,21412.45,27589.71,66705.5,9313.54,
2021-06-20,,27918.8,67549.75,9317.64,
2021-06-21,,27821.72,67447.16,9320.05,
2021-06-22,,28072.53,67682.77,9321.36,
2021-06-23,,28092.84,67625.14,9313.25,
2021-06-24,21432.88,28036.81,67410.66,9314.76,
2021-06-27,,28246.42,67965.32,9328.04,
2021-06-28,,28670.44,69121.09,9329.54,
2021-06-29,,28742.87,69129.1,9330.91,
2021-06-30,,28714.77,69108.95,9332.44,
2021-07-01,21466.89,29008.96,70004.92,9333.94,
2021-07-04,,29180.79,70485.91,9338.51,
2021-07-05,,29219.48,70907.25,9340.04,
2021-07-06,,27867.33,67634.45,9341.56,
2021-07-07,,28694.38,69283.88,9343.08,
2021-07-08,21484.7,28370.04,68674.4,9344.61,
2021-07-11,,27868.84,67631.03,9349.18,
2021-07-12,,26739.54,65212.77,9350.69,
2021-07-13,,26816.51,65466.55,9352.21,
2021-07-14,,26224.62,64237.57,9353.73,
2021-07-15,21523.3,26735.63,65502.06,9355.26,
2021-07-18,,26855.33,65905.57,9359.82,
2021-07-19,,25635.71,63302.94,9361.38,
2021-07-20,,26407.84,65161.97,9362.9,
2021-07-21,,26358.62,65154.01,9364.37,
2021-07-22,21543.02,26762.57,66070.83,9365.87,
2021-07-25,,26168.07,64985.34,9370.35,
2021-07-26,,26127.87,65164.93,9371.83,
2021-07-27,,26296.04,65689.48,9373.34,
2021-07-28,,26316.58,65727.14,9374.82,
2021-07-29,21578.33,26797.61,66871.57,9376.48,
2021-08-01,,27198.54,67860.15,9380.79,
2021-08-02,,27173.97,68269.28,9382.34,
2021-08-03,,27614.04,69074.75,9383.64,
2021-08-04,,27682.23,69287.12,9384.33,
2021-08-05,21604.43,26797.61,70312.75,9386.72,
2021-08-08,,27789.36,70000.39,9392.12,
2021-08-09,,28222.23,71304.98,9392.06,
2021-08-10,,28108.64,71465.27,9391.95,
2021-08-11,,27885.38,71316.18,9392.57,
2021-08-12,21626.37,27691.5,70679.93,9400.94,
2021-08-15,,27912.99,71102.64,9405.95,
2021-08-16,,28425.05,72219.27,9405.11,
2021-08-17,,28394.94,72226.38,9406.78,
2021-08-18,,28322.23,72170.0,9405.88,
2021-08-19,21666.34,28572.66,72535.61,9409.89,
2021-08-22,,27575.22,70453.09,9415.05,
2021-08-23,,26914.25,68839.0,9416.71,
2021-08-24,,26847.46,68709.87,9418.37,
2021-08-25,,27049.69,69431.92,9420.02,
2021-08-26,21679.61,26756.72,69126.8,9421.68,
2021-08-29,,26898.4,69538.42,9426.66,
2021-08-30,,27265.83,70619.91,9429.98,
2021-08-31,,27247.86,70752.96,9429.98,
2021-09-02,21717.6,26756.72,69126.8,9421.68,
2021-09-05,,27260.19,71068.62,9437.04,
2021-09-06,,27584.95,72090.64,9439.88,
2021-09-07,,27694.06,71955.84,9440.08,
2021-09-08,,27657.83,71882.43,9441.3,
2021-09-09,21735.64,27990.2,72802.97,9442.32,
2021-09-12,,27996.02,72601.08,9446.07,
2021-09-13,,27873.25,72261.06,9447.48,
2021-09-14,,27661.07,71917.89,9448.9,
2021-09-15,,27864.65,72753.33,9450.3,
2021-09-16,21764.42,27949.76,72878.34,9451.7,
2021-09-19,,28159.65,73602.8,9455.89,
2021-09-20,,28087.1,73103.74,9457.26,
2021-09-21,,27888.9,73026.54,9458.47,
2021-09-22,,27992.62,73418.07,9459.62,
2021-09-23,21789.42,28134.11,73295.12,9460.83,
2021-09-26,,28066.17,72908.62,9464.41,
2021-09-27,,27526.46,71375.18,9465.28,
2021-09-28,,27981.79,72584.47,9465.65,
2021-09-29,,27914.21,72703.77,9466.75,
2021-09-30,21815.27,27974.14,72792.01,9467.25,
2021-10-03,,27694.79,72379.84,9470.69,
2021-10-04,,27775.05,73140.84,9471.93,
2021-10-05,,28138.08,73734.96,9473.08,
2021-10-06,,28281.74,74262.8,9474.19,
2021-10-07,21839.46,28394.2,74618.45,9475.34,
2021-10-10,,28590.56,74836.99,9478.79,
2021-10-11,,29173.5,75900.37,9479.94,
2021-10-12,,29187.65,76065.31,9481.09,
2021-10-13,,29136.19,76050.66,9482.24,
2021-10-14,21855.3,29104.57,76190.3,9483.39,
2021-10-17,,29194.9,76773.03,9486.84,
2021-10-18,,29295.01,77192.28,9487.98,
2021-10-19,,29220.1,77074.01,9489.13,
2021-10-20,,29135.92,77149.95,9489.88,
2021-10-21,21895.44,29104.57,77202.54,9491.04,
2021-10-24,,28879.78,77015.96,9494.52,
2021-10-25,,28513.5,75712.38,9495.67,
2021-10-26,,28744.92,76621.54,9496.84,
2021-10-27,,29475.05,78002.34,9497.99,
2021-10-28,21928.03,29721.51,78567.96,9499.11,
2021-10-31,,29740.42,78334.49,9502.6,
2021-11-01,,29537.16,77831.07,9517.32,
2021-11-02,,29733.56,78204.2,9518.4,
2021-11-03,,29721.94,77795.49,9519.89,
2021-11-04,21955.38,29917.65,78503.99,9521.42,
2021-11-07,,30032.44,79013.47,9526.04,
2021-11-08,,30152.77,79335.29,9527.58,
2021-11-09,,30060.33,79260.06,9529.11,
2021-11-10,,29993.49,79041.39,9530.65,
2021-11-11,21995.67,29803.97,78535.06,9532.19,
2021-11-14,,30089.34,79081.33,9535.23,
2021-11-15,,30009.56,79126.41,9536.73,
2021-11-16,,29696.03,78575.54,9538.23,
2021-11-17,,29814.38,78857.87,9538.43,
2021-11-18,22000.5,29776.79,78534.43,9541.23,
2021-11-21,,29525.06,77437.67,9545.75,
2021-11-22,,29757.49,77282.96,9547.2,
2021-11-23,,30200.36,78638.16,9548.7,
2021-11-24,,30771.74,79860.7,9550.2,
2021-11-25,22039.4,31054.88,80499.98,9551.69,
2021-11-28,,30694.92,79689.45,9556.2,
2021-11-29,,30461.01,78922.61,9565.89,
2021-11-30,,30225.38,78721.73,9567.22,
2021-12-01,,30459.69,79121.99,9568.54,
2021-12-02,22070.14,30230.83,78542.28,9569.99,
2021-12-05,,29358.27,76329.17,9574.48,
2021-12-06,,28838.84,74624.76,9575.93,
2021-12-07,,29448.93,76092.6,9581.59,
2021-12-08,,29673.18,76491.84,9578.79,
2021-12-09,22102.73,30039.18,77428.9,9583.5,
2021-12-12,,29946.56,77443.03,9584.87,
2021-12-13,,29980.45,77839.72,9586.47,
2021-12-14,,29845.56,77807.58,9588.08,
2021-12-15,,29805.86,77731.81,9619.03,
2021-12-16,22152.26,29613.03,77356.38,9623.58,
2021-12-19,,29804.94,77678.33,9626.93,
2021-12-20,,29864.13,77853.49,9628.25,
2021-12-21,,29813.57,78065.47,9629.82,
2021-12-22,,29660.43,77659.79,9625.57,
2021-12-23,22177.03,28951.03,76246.02,9632.94,
2021-12-26,,29555.43,77427.81,9637.66,
2021-12-27,,29845.79,77560.32,9639.2,
2021-12-28,,30071.2,77846.91,9640.77,
2021-12-29,,29926.67,77513.24,9661.37,
2021-12-30,22230.19,30018.4,78132.88,9661.96,
2022-01-03,,30281.42,78539.15,9667.62,
2022-01-04,,30706.12,79492.4,9668.96,
2022-01-05,,30501.18,79243.26,9663.54,
2022-01-06,22269.94,30459.0,78936.9,9671.76,
2022-01-09,,30163.82,78541.78,9675.79,
2022-01-10,,29507.87,76997.11,9677.35,
2022-01-11,,29071.67,76065.25,9681.81,
2022-01-12,,29807.61,77327.34,9680.15,
2022-01-13,22306.59,29500.13,76631.93,9681.52,
2022-01-16,,29460.45,76306.32,9685.73,
2022-01-17,,28325.1,73351.62,9686.68,
2022-01-18,,27884.79,72729.95,9688.44,
2022-01-19,,28315.81,73636.59,9683.34,
2022-01-20,22333.98,28575.18,74545.07,9691.44,
2022-01-23,,28515.13,74807.46,9696.25,
2022-01-24,,27645.1,72858.48,9699.08,
2022-01-25,,28489.39,74640.75,9695.49,
2022-01-26,,28612.57,74974.44,9701.9,
2022-01-27,22352.26,28489.56,74400.27,9697.74,
2022-02-03,22361.58,28489.56,74400.27,9697.74,
2022-02-06,,28911.13,75228.2,9710.48,
2022-02-07,,29147.84,75781.45,9729.84,
2022-02-08,,29523.31,76498.48,9725.41,
2022-02-09,,29639.5,76834.33,9718.1,
2022-02-10,22389.06,29560.53,76886.12,9716.73,
2022-02-13,,29625.91,76903.24,9721.45,
2022-02-14,,28704.87,75244.14,9725.7,
2022-02-15,,29079.18,76087.64,9731.66,
2022-02-16,,29114.49,76210.42,9733.22,
2022-02-17,22434.78,29380.83,77011.61,9734.78,
2022-02-20,,29352.15,77099.53,9737.34,
2022-02-21,,29502.94,77286.07,9738.09,
2022-02-22,,29522.83,77161.0,9747.31,
2022-02-23,,29711.55,77694.83,9741.67,
2022-02-24,22463.02,29420.68,77094.54,9743.42,
2022-02-27,,29739.19,77616.18,9761.89,
2022-02-28,,29700.26,77569.67,9769.54,
2022-03-01,,29794.49,77714.94,9768.68,
2022-03-02,,29339.6,76728.44,9770.26,
2022-03-03,22481.33,29772.4,77831.24,9771.84,
2022-03-06,,29766.11,78002.28,9776.6,
2022-03-07,,29437.83,77395.3,9778.12,
2022-03-08,,28910.14,76002.21,9779.63,
2022-03-09,,28950.52,76142.19,9781.13,
2022-03-10,22512.65,29115.81,76605.87,9782.75,
2022-03-13,,28896.58,76196.22,9787.62,
2022-03-14,,28474.84,75281.81,9786.61,
2022-03-15,,28664.32,75601.18,9790.84,
2022-03-16,,28797.33,76034.0,9792.46,
2022-03-17,22546.1,28814.08,76075.67,9797.44,
2022-03-20,,28907.45,76352.3,9798.96,
2022-03-21,,29355.63,77312.58,9800.32,
2022-03-22,,29499.29,77826.5,9800.34,
2022-03-23,,29443.89,77777.19,9803.8,
2022-03-24,22576.07,29361.65,77685.58,9806.43,
2022-03-27,,29523.09,77973.06,9810.17,
2022-03-28,,29330.79,77630.94,9811.66,
2022-03-29,,29694.54,78351.87,9813.31,
2022-03-30,,29483.96,77705.01,9814.95,
2022-03-31,22610.01,29556.51,77555.66,9816.6,
2022-04-03,,30360.78,78985.26,9821.35,
2022-04-04,,30372.06,78874.01,9823.0,
2022-04-05,,30272.62,78605.79,9824.65,
2022-04-06,,30619.29,78994.11,9826.29,
2022-04-07,22646.6,30150.83,77796.39,9827.93,
2022-04-11,,29543.95,76459.57,9834.48,
2022-04-12,,29070.34,75232.21,9838.27,
2022-04-13,,29864.02,76640.54,9838.46,
2022-04-14,22702.53,29757.98,76393.61,9841.84,
2022-04-17,,29304.91,75470.27,9844.59,
2022-04-18,,28774.44,73801.39,9846.59,
2022-04-19,,28127.19,72120.23,9847.61,
2022-04-20,,27808.38,71138.37,9849.11,
2022-04-21,22732.39,27694.17,70633.42,9850.65,
2022-04-24,,27701.76,70452.08,9855.39,
2022-04-25,,26161.44,66677.23,9856.86,
2022-04-26,,26780.99,67957.56,9857.52,
2022-04-27,,26959.21,68608.23,9858.84,
2022-04-28,22777.72,26970.24,68602.13,9860.48,
2022-05-03,,27373.65,69739.8,9868.7,403.0
2022-05-04,,26803.1,68562.18,9870.1,
2022-05-05,22812.21,26877.47,68293.27,9870.98,
2022-05-08,,26130.1,66719.99,9875.9,
2022-05-09,,24577.57,62975.34,9876.14,
2022-05-10,,25039.63,64170.05,9877.78,
2022-05-11,,25294.18,64572.69,9880.9,
2022-05-12,22847.4,23825.3,61161.19,9882.53,
2022-05-15,,22521.7,57855.58,9886.94,
2022-05-16,,22267.61,57171.9,9887.86,
2022-05-17,,23560.44,60238.62,9888.63,
2022-05-18,,23855.13,60871.35,9893.62,
2022-05-19,22876.89,23899.12,60924.66,9893.77,
2022-05-22,,23990.54,61239.2,9899.89,
2022-05-23,,23473.73,60215.81,9901.07,
2022-05-24,,23813.43,60980.71,9902.8,
2022-05-25,,24753.81,63072.0,9905.39,
2022-05-26,22914.51,24709.68,63065.51,9907.04,
2022-05-29,,25196.2,63774.16,9911.71,
2022-05-30,,25411.92,64225.44,9918.44,
2022-05-31,,25295.74,64144.55,9914.01,
2022-06-01,,25446.55,64495.66,9915.4,
2022-06-02,22944.82,25273.63,64041.08,9917.19,
2022-06-05,,25524.45,64665.82,9922.41,
2022-06-06,,25461.56,64640.63,9924.21,
2022-06-07,,25613.73,65160.67,9926.01,
2022-06-08,,25926.74,65936.09,9927.81,
2022-06-09,22970.74,26024.13,66174.33,9929.59,
2022-06-12,,25353.23,64346.31,9934.9,
2022-06-13,,24145.76,61466.64,9936.63,
2022-06-14,,24421.96,62123.3,9944.12,
2022-06-15,,24316.57,61983.21,9939.88,
2022-06-16,22998.28,24944.04,63359.47,9942.46,
2022-06-19,,24589.06,62755.25,9946.63,
2022-06-20,,23749.98,60761.88,9950.58,
2022-06-21,,23232.55,59335.93,9948.67,
2022-06-22,,22791.77,58325.33,9951.75,
2022-06-23,23034.51,23436.82,60370.12,9954.49,
2022-06-26,,23354.38,60078.67,9958.44,
2022-06-27,,23626.35,60884.46,9963.74,
2022-06-28,,23982.94,61655.77,9965.34,
2022-06-29,,24062.15,61637.06,9965.56,
2022-06-30,23082.0,23633.44,60564.74,9965.27,
2022-07-03,,23528.05,60314.98,9970.92,
2022-07-04,,23266.1,59675.77,9972.61,
2022-07-05,,22944.72,58548.68,9974.29,
2022-07-06,,22309.42,56871.63,9975.97,
2022-07-07,23101.37,22594.75,57575.58,9976.94,
2022-07-10,,22626.91,58008.56,9982.16,
2022-07-11,,22218.37,56924.74,9983.4,
2022-07-12,,22741.18,58236.9,9985.63,
2022-07-13,,22614.72,57934.2,9987.33,
2022-07-14,23150.47,22741.66,58290.81,9988.75,
2022-07-17,,22657.83,58072.74,9995.05,
2022-07-18,,22604.53,58140.59,9996.81,
2022-07-19,,22607.4,58241.57,9998.55,
2022-07-20,,22995.99,59262.16,10000.33,
2022-07-21,23184.88,23179.97,59479.01,10002.04,
2022-07-24,,23138.43,59387.37,10006.07,
2022-07-25,,22964.06,58917.39,10006.65,
2022-07-26,,22894.81,58573.76,10008.08,
2022-07-27,,23016.51,58926.31,10009.2,
2022-07-28,23216.55,23461.69,59754.62,10016.07,
2022-07-31,,23506.53,59813.78,10020.57,
2022-08-01,,24047.18,60814.51,10021.54,
2022-08-02,,24037.37,60962.67,10025.11,
2022-08-03,,24252.95,61615.11,10025.54,
2022-08-04,23258.9,24249.77,61543.99,10028.75,
2022-08-07,,24263.36,61671.34,10033.12,
2022-08-08,,24410.76,62062.59,10035.59,
2022-08-09,,24460.56,62043.82,10036.83,
2022-08-10,,24425.84,61987.49,10038.72,
2022-08-11,23293.21,24280.28,61578.76,10040.32,
2022-08-14,,24573.85,62256.95,10045.22,
2022-08-15,,24879.9,62852.95,10045.87,
2022-08-16,,24861.47,62937.35,10047.08,
2022-08-17,,24852.72,62974.6,10049.23,
2022-08-18,23332.24,24729.86,62826.08,10051.97,
2022-08-21,,24674.43,62784.33,10056.08,
2022-08-22,,24607.97,62580.78,10057.4,
2022-08-23,,24819.32,63164.49,10059.36,
2022-08-24,,24975.95,63511.35,10060.45,
2022-08-25,23367.38,25199.96,63839.5,10063.12,
2022-08-28,,25218.91,63767.74,10068.22,
2022-08-29,,24948.81,63569.04,10070.22,
2022-08-30,,24978.31,63607.06,10071.55,
2022-09-04,23409.49,25017.26,63801.29,10079.18,
2022-09-05,,24865.9,63536.69,10082.08,
2022-09-06,,24819.19,63492.88,10083.37,
2022-09-07,,24048.55,61600.47,10085.03,
2022-09-08,23459.53,23920.36,61345.52,10086.75,
2022-09-11,,24199.52,62135.87,10090.71,
2022-09-12,,24224.13,62314.88,10093.43,
2022-09-13,,24238.38,62266.77,10094.79,
2022-09-14,,24128.98,62084.13,10095.56,
2022-09-15,23479.88,24131.4,62119.94,10097.01,
2022-09-18,,23815.93,61279.92,10101.95,
2022-09-19,,23179.47,59529.02,10104.35,
2022-09-20,,23460.82,60247.35,10105.65,
2022-09-21,,23270.22,59778.51,10104.01,
2022-09-22,23515.1,23338.35,60075.7,10111.42,
2022-09-25,,23126.51,59551.46,10111.53,
2022-09-26,,22504.35,57847.74,10116.63,
2022-09-27,,22343.93,57287.8,10115.18,
2022-09-28,,21990.49,56219.77,10111.58,
2022-09-29,23551.6,21533.77,55268.09,10112.17,
2022-10-02,,21872.38,55957.23,10120.97,
2022-10-03,,20807.71,53402.85,10123.57,
2022-10-04,,20702.53,53128.59,10119.25,
2022-10-05,,21034.63,54356.85,10126.32,
2022-10-06,23584.48,20504.0,52939.31,10134.19,
2022-10-09,,19901.38,51465.02,10140.25,
2022-10-10,,20249.24,52561.72,10142.23,
2022-10-11,,19764.24,51155.08,10141.71,
2022-10-12,,20355.95,52624.72,10142.36,
2022-10-13,23619.57,20649.36,53267.89,10144.5,
2022-10-16,,20987.55,54241.5,10145.96,
2022-10-17,,20898.17,54168.7,10147.12,
2022-10-18,,20937.66,54410.68,10148.98,
2022-10-19,,20900.54,54364.4,10150.86,
2022-10-20,23626.6,20876.55,54091.47,10152.89,
2022-10-23,,20194.63,52031.09,10157.87,
2022-10-24,,19734.5,50597.41,10160.73,
2022-10-25,,20045.11,51329.82,10154.88,
2022-10-26,,20041.04,51076.8,10156.69,
2022-10-27,23666.67,20527.02,52597.99,10158.74,
2022-10-30,,20415.47,52575.86,10164.98,
2022-10-31,,20373.36,52403.24,10166.56,
2022-11-01,,20327.61,52506.96,10168.44,
2022-11-02,,20101.48,52037.84,10170.18,
2022-11-03,23687.0,20119.58,52199.79,10171.86,
2022-11-06,,19824.98,50904.81,10163.9,
2022-11-07,,19683.82,49921.88,10165.15,
2022-11-08,,19912.65,50560.43,10178.73,
2022-11-09,,20038.94,50703.78,10167.02,
2022-11-10,23724.09,19495.57,48933.62,10174.48,
2022-11-13,,19624.54,49318.96,10180.39,
2022-11-14,,19285.47,48420.94,10182.26,
2022-11-15,,18641.51,46614.28,10176.21,
2022-11-16,,18887.43,47520.85,10173.84,
2022-11-17,23745.98,19194.4,48401.16,10175.54,
2022-11-20,,19164.04,48622.07,10176.48,
2022-11-21,,19015.59,48452.48,10177.69,
2022-11-22,,18940.9,48316.95,9990.77,
2022-11-23,,18920.89,48039.84,9929.39,
2022-11-24,23780.78,18866.8,47934.2,9900.51,
2022-11-27,,19241.0,49020.22,9886.75,
2022-11-28,,19893.54,50652.75,9889.31,
2022-11-29,,20425.71,51954.99,9891.31,
2022-11-30,,20842.49,52802.88,9892.55,
2022-12-01,23498.3,20466.56,52112.55,9894.32,
2022-12-04,,21402.53,54290.87,9904.52,
2022-12-05,,21718.6,54918.57,9902.94,
2022-12-06,,20915.56,52996.7,9904.93,
2022-12-07,,20735.52,52655.57,9905.8,
2022-12-08,23263.77,21122.17,53434.12,9907.73,
2022-12-11,,21235.07,53706.27,9913.45,
2022-12-12,,20773.63,52726.55,,
2022-12-13,,21227.16,53780.9,9917.29,
2022-12-14,,21342.83,53977.6,9919.22,
2022-12-15,23133.93,21537.52,54335.31,9921.15,
2022-12-18,,21583.62,54459.71,9926.85,
2022-12-19,,21177.39,53452.66,9928.76,
2022-12-20,,20878.57,52681.45,9930.08,
2022-12-21,,20746.02,52232.23,9940.89,
2022-12-22,23167.5,20862.78,52485.84,9944.84,
2022-12-25,,20738.57,52249.1,9938.71,
2022-12-26,,19819.77,49860.87,9940.37,
2022-12-27,,20386.09,51188.62,9942.49,
2022-12-28,,20574.42,51604.98,9944.46,
2022-12-29,23219.5,20404.69,51200.28,9945.37,
2023-01-02,,20504.25,51528.68,9955.02,
2023-01-03,,21211.12,53093.8,9956.2,
2023-01-04,,21296.09,53192.96,9958.17,
2023-01-05,23256.88,21491.94,53681.55,9936.19,
2023-01-08,,21260.29,53299.74,9941.86,
2023-01-09,,21190.55,53046.41,9941.86,
2023-01-10,,21176.23,52934.72,9885.61,
2023-01-11,,21218.89,53063.67,9887.17,
2023-01-12,23277.66,21242.47,53056.47,9888.95,
2023-01-15,,21282.89,53141.92,9894.29,
2023-01-16,,21403.89,53395.75,9894.54,
2023-01-17,,21992.27,54677.84,9896.21,
2023-01-18,,22244.11,55244.64,9897.96,
2023-01-26,23313.96,22414.42,55716.22,9911.94,
2023-01-29,,22535.22,55929.87,9917.16,
2023-01-30,,22287.8,55445.65,9918.91,
2023-01-31,,22583.69,56132.72,9920.72,
2023-02-01,,21648.51,54220.3,9922.46,
2023-02-02,23318.3,21688.51,54343.2,9924.2,
2023-02-05,,21596.17,54127.15,9929.26,
2023-02-06,,21757.74,54565.79,9931.01,
2023-02-07,,21236.28,53512.55,9932.78,
2023-02-08,,21337.64,53690.81,9934.55,
2023-02-09,23333.24,21233.14,53425.47,9936.32,
2023-02-12,,20878.73,52831.83,9941.71,
2023-02-13,,20618.02,52149.21,9943.54,
2023-02-14,,20627.84,52149.14,9945.38,
2023-02-15,,20847.63,52749.7,9947.08,
2023-02-16,23367.69,21217.84,53601.64,9948.94,
2023-02-19,,21231.27,53615.3,9954.52,
2023-02-20,,21884.64,55030.26,9956.37,
2023-02-21,,21716.23,54681.09,9958.22,
2023-02-22,,21081.65,53191.92,9960.08,
2023-02-23,23415.99,21201.29,53442.19,9961.94,
2023-02-26,,20748.5,52429.43,9968.32,
2023-02-27,,20250.61,51278.13,9970.22,
2023-02-28,,20350.46,51495.91,9971.44,
2023-03-02,23453.4,20848.56,52581.45,9974.56,
2023-03-03,,20754.07,52455.08,9976.47,
2023-03-05,,20434.08,51697.27,9972.63,
2023-03-06,,20516.33,51920.28,9974.43,
2023-03-07,,20799.63,52544.94,9976.28,
2023-03-08,,21150.78,53322.71,9986.86,
2023-03-09,23493.68,21216.89,53498.21,9988.1,
2023-03-12,,21099.57,53207.05,9993.77,
2023-03-13,,21016.82,53076.03,9995.42,
2023-03-14,,20585.22,52084.89,9997.44,
2023-03-15,,21216.4,53499.83,9998.94,
2023-03-16,23528.3,20878.27,52737.67,10000.96,
2023-03-19,,20854.04,52644.66,10006.63,
2023-03-20,,20301.26,51483.69,10027.72,
2023-03-21,,20547.01,52086.95,10028.32,
2023-03-22,,20664.89,52475.09,10026.19,
2023-03-23,23562.15,20784.14,52750.24,10025.62,
2023-03-26,,20818.72,52848.72,10032.98,
2023-03-27,,20991.28,53162.89,10035.2,
2023-03-28,,20992.3,53138.94,10038.54,
2023-03-29,,21037.86,53281.24,10034.63,
2023-03-30,23620.14,21044.37,53350.36,10036.88,
2023-04-02,,21108.75,53653.34,10045.57,
2023-04-03,,21458.47,54628.12,10045.5,
2023-04-04,,21500.08,54719.93,10047.54,
2023-04-05,,21564.77,54938.67,10048.94,
2023-04-06,23666.17,21261.84,54148.94,10048.63,
2023-04-09,,21257.47,54252.4,10057.21,
2023-04-10,,21151.13,54103.74,10061.84,
2023-04-11,,21289.01,54471.43,10063.14,
2023-04-12,,21347.27,54593.28,10072.07,
2023-04-13,23706.42,21245.55,54325.09,10072.91,
2023-04-16,,20854.44,53294.63,10079.27,
2023-04-17,,20961.85,53545.26,10073.94,
2023-04-18,,21036.98,53819.33,10082.52,
2023-04-19,,20811.85,53420.73,10083.5,
2023-04-20,23741.94,20787.08,53306.93,10087.23,
2023-04-23,,20655.19,53057.75,10093.99,
2023-04-24,,20634.16,53063.0,10096.25,
2023-04-25,,20508.5,52703.89,10098.49,
2023-04-26,,20701.15,53081.64,10095.77,
2023-04-27,23765.31,20716.43,53135.97,10103.01,
2023-05-03,,20932.91,53772.17,10115.4,
2023-05-04,23804.53,20778.29,53431.39,10117.26,
2023-05-07,,20750.37,53337.63,10124.06,
2023-05-08,,21004.54,53853.22,10129.73,
2023-05-09,,21035.72,53901.98,10131.99,
2023-05-10,,21162.82,54277.9,10132.48,
2023-05-11,23844.67,21196.05,54350.87,10134.74,
2023-05-14,,21425.41,54974.91,10139.94,
2023-05-15,,21325.89,54596.33,10143.99,
2023-05-16,,21377.52,54669.03,10146.26,
2023-05-17,,21165.14,54096.77,10149.78,
2023-05-18,23886.6,21325.39,54471.82,10152.04,
2023-05-21,,21415.42,54710.55,10159.32,
2023-05-22,,21543.97,55077.99,10160.39,
2023-05-23,,21481.01,54927.43,10162.68,
2023-05-24,,21337.14,54644.79,10164.98,
2023-05-25,23942.97,21346.23,54610.51,10167.25,
2023-05-28,,21367.92,54708.16,10174.13,
2023-05-29,,21577.72,55418.75,10179.37,
2023-05-30,,21711.07,56000.32,10180.75,
2023-05-31,,21650.35,55818.26,10180.91,
2023-06-01,23982.38,21720.83,56103.57,10181.28,
2023-06-04,,22023.05,56720.56,10188.23,
2023-06-05,,22113.45,56724.67,10190.32,
2023-06-06,,22312.65,57389.23,10192.62,
2023-06-07,,22393.44,57758.69,10194.93,
2023-06-08,24031.95,22095.44,56881.42,10197.25,
2023-06-11,,22292.09,57529.95,10206.8,
2023-06-12,,22436.44,58016.52,10207.06,
2023-06-13,,22538.61,58233.15,10209.38,
2023-06-14,,22395.05,57776.78,10213.72,
2023-06-15,24072.96,22473.6,57980.83,10216.0,
2023-06-18,,22492.66,58061.72,10222.62,
2023-06-19,,22398.14,57897.1,10224.33,
2023-06-20,,22636.49,58622.47,10226.4,
2023-06-21,,22815.01,59186.55,10228.33,
2023-06-22,24108.28,22983.63,59638.01,10230.28,
2023-06-25,,23011.37,59626.86,10262.02,
2023-06-26,,23073.65,59755.59,10243.54,
2023-06-27,,23136.85,59918.8,10244.62,
2023-06-28,,23213.82,60022.24,10248.12,
2023-06-29,24203.91,22858.09,59027.43,10250.39,
2023-07-02,,22834.9,59090.99,10257.49,
2023-07-03,,22916.97,59321.02,10260.04,
2023-07-04,,23117.12,59943.13,10262.25,
2023-07-05,,23184.46,60121.27,10259.96,
2023-07-06,24198.08,22984.14,59624.64,10263.23,
2023-07-09,,23302.98,60527.34,10270.0,
2023-07-10,,23540.93,61102.02,10273.47,
2023-07-11,,23620.08,61234.62,10280.81,
2023-07-12,,23656.99,61355.27,10288.61,
2023-07-13,24227.31,23912.94,62066.76,10287.73,
2023-07-16,,24021.51,62389.28,10291.65,
2023-07-17,,24066.73,62495.58,10300.19,
2023-07-18,,24064.34,62452.41,10294.82,
2023-07-19,,24002.23,62374.33,10299.54,
2023-07-20,24279.59,24074.39,62599.87,10303.51,
2023-07-23,,24478.45,63783.41,10320.6,
2023-07-24,,24583.21,64136.49,10317.81,
2023-07-25,,24648.04,64162.49,10323.8,
2023-07-26,,24741.39,64410.99,10326.27,
2023-07-27,24323.28,24733.72,64493.46,10330.05,
2023-07-30,,24980.2,65144.15,10339.34,
2023-07-31,,25200.47,65619.23,10339.63,
2023-08-01,,24892.69,64736.09,10345.97,
2023-08-02,,24997.17,65096.32,10356.64,
2023-08-03,24382.76,24846.21,64745.63,10352.46,
2023-08-06,,25155.51,65571.44,10358.72,
2023-08-07,,25402.78,66302.91,10361.94,
2023-08-08,,25251.23,65887.7,10363.18,
2023-08-09,,25106.89,65545.36,10363.87,
2023-08-10,24426.0,24761.96,64573.31,10370.65,
2023-08-13,,24995.11,65251.23,10375.88,
2023-08-14,,25210.45,65918.39,10378.14,
2023-08-15,,25206.08,65876.18,10377.78,
2023-08-16,,25351.5,66186.98,10378.87,
2023-08-17,24473.3,25228.65,65845.97,10381.77,
2023-08-20,,24022.73,62590.01,10387.64,
2023-08-21,,24107.49,62700.48,10388.6,
2023-08-22,,24259.65,63184.31,10390.5,
2023-08-23,,24035.5,62613.37,10392.41,
2023-08-24,24503.83,24614.03,64179.56,10392.71,
2023-08-27,,24586.26,64201.58,10398.4,
2023-08-28,,25060.7,65554.23,10399.83,
2023-08-29,,25223.82,65961.99,10401.81,
2023-08-30,,25579.09,67055.43,10407.86,
2023-09-04,24536.65,25817.03,67778.38,10418.53,
2023-09-05,,26037.85,68245.25,10419.31,
2023-09-06,,26378.41,69204.87,10421.19,
2023-09-07,24604.38,26340.42,69045.8,10423.06,
2023-09-10,,26385.86,69282.16,10428.54,
2023-09-11,,25918.12,68062.92,10431.76,
2023-09-12,,26521.2,69697.18,10432.84,
2023-09-13,,26393.27,69394.88,10436.46,
2023-09-14,24622.3,26093.02,68516.88,10436.3,
2023-09-17,,26236.06,68864.63,10441.5,
2023-09-18,,26021.24,68339.8,10443.23,
2023-09-19,,26159.89,68927.08,10444.85,
2023-09-20,,26515.72,69894.28,10444.76,
2023-09-21,24662.55,26122.75,68778.84,10451.03,
2023-09-24,,25556.17,67209.64,10451.7,
2023-09-25,,24522.35,64411.45,10453.64,
2023-09-26,,24269.45,63614.06,10461.96,
2023-09-27,,24829.31,65110.46,10455.38,
2023-09-28,24708.37,24840.05,65235.03,10461.62,
2023-10-01,,24748.18,65011.48,10474.61,
2023-10-02,,24814.37,65174.04,10477.75,
2023-10-03,,23887.17,62666.55,10479.69,
2023-10-04,,24242.14,63722.18,10475.23,
2023-10-05,24751.71,23934.75,62814.06,10474.31,
2023-10-08,,24338.82,63953.11,10480.39,
2023-10-09,,24688.11,64919.46,10480.01,
2023-10-10,,24729.94,65007.51,10481.82,
2023-10-11,,25031.62,65896.0,10483.71,
2023-10-12,24772.62,25009.44,65848.83,10489.87,
2023-10-15,,25195.34,66356.2,10495.59,
2023-10-16,,24895.58,65531.58,10496.77,
2023-10-17,,24085.36,63180.88,10504.69,
2023-10-18,,23863.74,62595.61,10505.92,
2023-10-19,24830.28,23416.01,61386.46,10505.82,
2023-10-22,,23881.85,62650.81,10508.37,
2023-10-23,,23513.52,61589.86,10510.17,
2023-10-24,,23734.47,62281.14,10511.87,
2023-10-25,,23589.53,61927.15,10513.75,
2023-10-26,24861.66,22695.58,59074.37,10515.39,
2023-10-29,,22929.09,59744.51,10529.15,
2023-10-30,,22333.8,57815.76,10530.8,
2023-10-31,,21829.42,55978.07,10534.06,
2023-11-01,,22165.35,56915.99,10539.06,
2023-11-02,24903.15,23053.72,59442.67,10538.03,
2023-11-05,,23005.33,59560.82,10541.1,
2023-11-06,,23340.09,60310.92,10542.6,
2023-11-07,,23204.36,60058.31,10544.45,
2023-11-08,,24180.04,62675.17,10544.55,
2023-11-09,24944.67,24276.67,62988.83,10546.27,
2023-11-12,,24084.48,62523.5,10550.76,
2023-11-13,,24189.47,62800.24,10554.06,
2023-11-14,,24415.0,63487.29,10555.87,
2023-11-15,,24517.03,63652.86,10550.32,
2023-11-16,24986.29,24687.54,64203.91,10552.53,
2023-11-19,,24304.94,63103.12,10564.06,
2023-11-20,,24411.42,63377.96,10565.35,
2023-11-21,,24717.92,64161.12,10568.27,
2023-11-22,,24860.5,64647.0,10570.28,
2023-11-23,25025.32,24020.68,62163.5,10575.21,
2023-11-26,,24330.0,63016.36,10580.55,
2023-11-27,,24031.77,62106.29,10598.21,
2023-11-28,,24188.64,62533.01,10605.41,
2023-11-29,,24438.8,63346.38,10600.42,
2023-11-30,25092.66,24365.29,63068.47,10606.34,
2023-12-03,,24479.55,63442.11,10611.4,
2023-12-04,,25015.05,64978.34,10613.69,
2023-12-05,,24948.08,64811.58,10612.77,
2023-12-06,,25148.83,65503.22,10612.95,
2023-12-07,25118.29,24867.55,64736.32,10614.72,
2023-12-10,,24891.52,64743.65,10619.94,
2023-12-11,,24862.98,64685.75,10623.49,
2023-12-12,,24965.69,64972.68,10623.22,
2023-12-13,,24616.45,63823.48,10627.28,
2023-12-14,25219.46,24540.2,63506.86,10632.81,
2023-12-17,,24443.59,63339.91,10644.57,
2023-12-18,,24277.12,62835.58,10643.63,
2023-12-19,,24480.91,63507.85,10644.03,
2023-12-20,,24596.35,63916.1,10645.6,
2023-12-21,25261.97,24697.13,64163.5,10647.75,
2023-12-24,,24730.63,64251.39,10652.33,
2023-12-25,,25094.18,65210.06,10654.03,
2023-12-26,,25224.35,65553.58,10655.94,
2023-12-27,,25189.53,65500.1,10659.5,
2023-12-28,25311.12,25266.06,65607.01,10660.44,
2024-01-01,,25298.09,65718.66,10671.88,
2024-01-02,,25221.76,65216.48,10670.85,
2024-01-03,,25453.5,65931.49,10670.03,
2024-01-04,25356.26,25546.66,66017.21,10676.91,
2024-01-07,,25612.8,66247.04,10686.42,
2024-01-08,,25655.29,66316.91,10684.83,
2024-01-09,,25578.09,66108.72,10685.88,
2024-01-10,,25462.64,65541.99,10688.52,
2024-01-11,25389.96,25499.99,65682.88,10698.94,
2024-01-14,,25295.36,65140.63,10690.63,
2024-01-15,,25217.52,64994.52,10690.0,
2024-01-16,,25586.58,65899.04,10693.94,
2024-01-17,,25617.27,65945.1,10696.13,
2024-01-18,25428.5,25773.22,66368.82,10697.62,
2024-01-21,,25913.41,66762.98,10702.17,
2024-01-22,,25993.58,66885.6,10704.07,
2024-01-23,,25918.1,66766.83,10707.25,
2024-01-24,,25766.2,66412.4,10710.89,
2024-01-25,25456.36,25777.36,66546.0,10713.17,
2024-01-28,,25920.14,66904.9,10716.16,
2024-01-29,,25897.65,66926.17,10714.05,
2024-01-30,,26054.33,67463.59,10715.0,
2024-01-31,,25792.28,66785.13,10717.25,
2024-02-01,25503.69,26126.65,67721.91,10714.87,
2024-02-04,,26217.14,67985.36,10717.57,
2024-02-05,,26539.55,68805.06,10718.18,
2024-02-06,,26684.61,69280.47,10720.24,
2024-02-14,25509.67,26836.29,69759.59,10737.98,
2024-02-15,25569.03,26841.81,69801.21,10741.04,
2024-02-18,,26892.97,69884.77,10744.73,
2024-02-19,,26994.15,69939.44,10742.45,
2024-02-20,,26995.2,69929.59,10745.78,
2024-02-21,,27059.16,70274.14,10745.79,
2024-02-22,25593.04,26995.73,70170.03,10743.29,
2024-02-25,,26585.15,69124.66,10751.35,
2024-02-26,,27011.07,70444.55,10746.72,
2024-02-27,,27370.76,71388.95,10750.4,
2024-02-28,,27598.79,71861.42,10750.63,
2024-02-29,25627.99,27730.12,72191.61,10756.82,
2024-03-03,,27927.21,72926.51,10762.04,
2024-03-04,,27967.99,73197.03,10763.37,
2024-03-05,,28189.17,73613.63,10764.9,
2024-03-06,,27896.68,72807.79,10762.75,
2024-03-07,25655.25,28115.84,73412.84,10767.05,
2024-03-10,,27700.7,72219.02,10762.64,
2024-03-11,,27548.72,71708.0,10767.98,
2024-03-12,,27847.04,72564.35,10767.64,
2024-03-13,,28584.24,74700.06,10769.62,
2024-03-14,25681.52,28398.81,74441.89,10771.13,
2024-03-17,,28332.11,74435.41,10775.76,
2024-03-18,,27599.94,72779.32,10776.68,
2024-03-19,,27552.21,72471.29,10775.04,
2024-03-20,,28013.99,73931.16,10775.06,
2024-03-21,25692.89,28374.95,75110.44,10775.31,
2024-03-24,,28521.29,75288.54,10779.67,
2024-03-25,,28151.73,74321.0,10784.66,
2024-03-26,,28511.69,75257.28,10782.89,
2024-03-27,,28700.74,75802.01,10786.56,
2024-03-28,25717.61,28868.62,76579.99,10793.1,
2024-03-31,,28756.61,76252.54,10798.1,
2024-04-01,,28674.98,76061.71,10799.21,
2024-04-02,,28925.73,76685.3,10800.65,
2024-04-03,,28446.33,75355.63,10802.05,
2024-04-04,25778.64,28323.34,74953.94,10803.33,
2024-04-07,,27933.89,73947.08,10810.1,
2024-04-08,,27709.21,73309.86,10810.57,
2024-04-09,,28050.59,74333.56,10814.34,
2024-04-10,,27895.83,73972.99,10812.3,
2024-04-11,25807.15,28018.39,74241.52,10816.96,
2024-04-14,,28425.13,75489.96,10818.48,
2024-04-15,,26976.26,71484.54,10818.24,
2024-04-16,,27038.73,71715.55,10819.84,
2024-04-18,25877.51,26530.02,70448.0,10824.61,
2024-04-21,,25944.13,69086.72,10826.61,
2024-04-22,,26379.56,70220.16,10832.45,
2024-04-23,,26144.16,69813.33,10832.17,
2024-04-24,,27028.2,72371.79,10831.11,
2024-04-25,25894.48,27061.12,72496.89,10832.74,
2024-05-01,,27218.74,72945.92,10842.55,
2024-05-02,25926.98,27485.37,73738.3,10846.42,
2024-05-03,,27660.76,74195.3,10846.26,
2024-05-05,,27657.42,74186.74,10849.5,
2024-05-06,,28166.11,75649.42,10840.14,
2024-05-07,,28372.57,76321.67,10842.35,
2024-05-08,,28469.96,76499.67,10846.24,
2024-05-09,25970.64,28433.59,76474.5,10848.57,
2024-05-12,,28479.12,76588.15,10848.68,
2024-05-13,,28320.1,76119.57,10842.5,
2024-05-14,,28457.0,76601.08,10845.3,
2024-05-15,,28819.72,77619.71,10851.64,
2024-05-16,26009.34,29127.97,78458.02,10856.24,
2024-05-19,,29218.68,78787.98,10857.8,
2024-05-20,,29226.58,78794.41,10863.04,
2024-05-21,,29383.69,79250.63,10860.89,
2024-05-22,,29256.19,79062.9,10871.07,
2024-05-23,26025.89,29564.06,79913.28,10870.27,
2024-05-26,,28930.52,78087.82,10872.11,
2024-05-27,,28954.19,78367.43,10871.94,
2024-05-28,,29317.98,79639.74,10873.21,
2024-05-29,,29057.17,79001.93,10888.35,
2024-05-30,26061.51,29111.21,79079.32,10891.23,
2024-06-02,,29191.48,79286.75,10892.32,
2024-06-03,,29498.79,80283.05,10900.51,
2024-06-04,,29594.32,80673.12,10902.92,
2024-06-05,,29404.63,80134.84,10916.93,
2024-06-06,26103.44,29391.49,80309.02,10919.65,
2024-06-09,,28241.85,80857.92,10922.91,
2024-06-10,,28466.41,81672.79,10917.92,
2024-06-11,,28452.35,81745.25,10919.75,
2024-06-12,,28883.44,82941.86,10924.58,
2024-06-13,26152.68,28957.74,83176.13,10926.29,
2024-06-16,,28420.31,81655.83,10929.4,
2024-06-17,,28279.19,81316.99,10931.07,
2024-06-18,,28428.11,81694.05,10935.74,
2024-06-19,,28544.77,82161.82,10939.76,
2024-06-20,26179.32,28696.35,82663.13,10939.66,
2024-06-23,,28766.82,82963.51,10942.5,
2024-06-24,,27963.35,80456.47,10944.86,
2024-06-25,,27975.01,80499.57,10945.42,
2024-06-26,,28108.45,80917.3,10951.54,
2024-06-27,26207.24,28072.87,80756.01,10953.81,
2024-06-30,,27700.81,79515.4,10963.4,
2024-07-01,,27880.0,80083.33,10961.55,
2024-07-02,,28110.62,80747.09,10961.21,
2024-07-03,,28263.09,81159.41,10963.26,
2024-07-04,26282.14,28388.35,81582.79,10956.29,
2024-07-07,,28551.45,82118.71,10963.92,
2024-07-08,,28753.85,82799.01,10966.43,
2024-07-09,,28886.94,83072.35,10969.83,
2024-07-10,,28630.55,82253.85,10969.21,
2024-07-11,26259.77,28510.38,81887.91,10970.9,
2024-07-14,,28406.27,81638.39,10975.18,
2024-07-15,,28373.08,81556.57,10976.79,
2024-07-16,,28421.8,81652.71,10978.43,
2024-07-17,,28124.02,80606.58,10976.9,
2024-07-18,26305.22,28281.04,81030.09,10980.79,
2024-07-21,,28120.25,80426.57,10984.93,
2024-07-22,,27754.62,79191.98,10981.65,
2024-07-23,,27148.35,77593.1,10983.49,
2024-07-24,,27222.37,77896.51,10989.43,
2024-07-25,26330.87,27107.69,77572.64,10984.91,
2024-07-28,,27340.1,78376.91,10990.12,
2024-07-29,,27501.96,78824.91,11004.48,
2024-07-30,,27494.54,78662.62,11002.53,
2024-07-31,,27554.93,78713.23,11000.0,
2024-08-01,26358.48,26858.08,76470.06,11000.64,
2024-08-04,,27117.27,77282.3,11005.19,
2024-08-05,,26078.84,74109.05,11006.65,
2024-08-06,26404.33,26559.26,75657.72,11007.73,
2024-08-07,,26542.6,75712.49,11009.35,
2024-08-08,26420.51,26386.74,75078.45,11009.53,
2024-08-11,,26947.38,76804.65,11013.77,
2024-08-12,,27206.16,77630.49,11014.52,
2024-08-13,26433.47,27182.29,77647.0,11015.44,
2024-08-14,,27124.33,77417.24,11013.36,
2024-08-15,26448.85,26955.39,76728.95,11015.0,
2024-08-18,,27626.98,78815.24,11025.71,
2024-08-19,,27834.45,79502.65,11024.46,
2024-08-20,26454.17,28044.82,80116.15,11021.06,
2024-08-21,,28360.6,80939.44,11025.42,
2024-08-22,26476.74,28345.86,80915.0,11027.38,
2024-08-25,,28349.74,80879.37,11030.23,
2024-08-26,,28123.41,80139.12,11032.67,
2024-08-27,26488.91,28131.35,80211.29,11029.78,
2024-08-28,,28131.59,80188.33,11026.27,
2024-08-29,26487.04,28148.94,80254.43,11029.99,
2024-09-03,26498.97,28248.69,80598.96,11048.54,
2024-09-04,,28042.29,79997.6,11049.82,
2024-09-05,26534.95,27796.52,79241.66,11039.07,
2024-09-08,,27899.79,79556.94,11042.79,
2024-09-09,,27760.98,79189.04,11043.86,
2024-09-10,26515.48,27575.82,78590.35,11043.73,
2024-09-11,,27578.92,78587.15,11045.1,
2024-09-12,26541.17,27651.13,78753.09,11046.02,
2024-09-15,,27655.41,78768.84,11046.19,
2024-09-16,,27396.64,77923.63,11059.11,
2024-09-17,26546.74,27798.0,79036.86,11056.63,
2024-09-18,,28001.36,79693.61,11065.08,
2024-09-19,26579.27,28110.79,80079.46,11066.92,
2024-09-22,,28183.44,80308.07,11066.15,
2024-09-23,,28128.19,80023.92,11070.89,
2024-09-24,26601.29,28325.87,80641.59,11072.89,
2024-09-25,,28525.12,81247.28,11074.93,
2024-09-26,26623.63,28531.61,81237.04,11076.68,
2024-09-29,,28428.4,81033.19,11087.8,
2024-09-30,,28425.44,81062.4,11085.34,
2024-10-01,26635.49,28449.4,81167.73,11084.52,
2024-10-02,,28329.91,80845.87,11091.72,
2024-10-03,26660.78,28035.25,80009.49,11094.66,
2024-10-06,,27906.9,79614.03,11098.76,
2024-10-07,,27941.47,79806.61,11101.01,
2024-10-08,26677.75,27952.44,79795.03,11098.96,
2024-10-09,,28150.35,80418.86,11099.87,
2024-10-10,26694.74,28309.63,80848.38,11101.3,
2024-10-13,,28343.38,80971.24,11107.13,
2024-10-14,,28233.07,80624.05,11110.06,
2024-10-15,26694.28,28153.02,80378.14,11110.35,
2024-10-16,,28234.9,80533.87,11113.06,
2024-10-17,26721.7,28391.44,81095.12,11114.75,
2024-10-20,,28281.35,80859.04,11120.21,
2024-10-21,,28113.37,80447.73,11121.36,
2024-10-22,26736.55,27921.05,79933.7,11123.58,
2024-10-23,,27952.17,80078.9,11129.87,
2024-10-24,26753.92,27698.58,79028.76,11127.98,
2024-10-27,,27638.85,78960.95,11133.83,
2024-10-28,,27737.34,79243.26,11134.96,
2024-10-29,26766.37,27909.83,79769.56,11135.99,
2024-10-30,,27839.69,79697.66,11137.11,
2024-10-31,26797.1,27974.2,80184.75,11138.63,
2024-11-03,,27725.61,79396.4,11143.19,
2024-11-04,,27554.64,78776.76,11145.03,
2024-11-05,26804.11,27573.62,78842.0,11146.17,
2024-11-06,,27929.45,79820.11,11147.46,
2024-11-07,26824.08,27880.14,79886.79,11148.86,
2024-11-10,,27789.43,79667.13,11154.16,
2024-11-11,,27801.0,79404.72,11155.08,
2024-11-12,26836.6,27608.12,78926.13,11157.29,
2024-11-13,,27656.2,79137.79,11159.03,
2024-11-14,26861.76,27305.86,77986.68,11161.43,
2024-11-17,,26987.77,77204.26,11167.74,
2024-11-18,,26946.27,77018.13,11168.49,
2024-11-19,26862.98,26568.5,75618.0,11170.21,
2024-11-20,,26835.38,76243.03,11170.87,
2024-11-21,26879.23,27155.4,77330.79,11170.8,
2024-11-24,,27155.32,77302.84,11179.4,
2024-11-25,,27246.17,77619.35,11181.07,
2024-11-26,26882.89,27387.02,78020.61,11181.9,
2024-11-27,,27442.64,78216.53,11190.21,
2024-11-28,26918.08,27477.33,78447.36,11191.75,
2024-12-01,,27792.03,79311.46,11196.35,
2024-12-02,,27762.6,79319.82,11197.73,
2024-12-03,26961.23,27739.01,79369.26,11200.33,
2024-12-04,,27579.5,78878.81,11201.24,
2024-12-05,26984.31,28248.77,80883.15,11203.41,
2024-12-08,,28240.31,81032.36,11208.23,
2024-12-09,,28280.64,81172.63,11209.94,
2024-12-10,26992.15,28255.84,81152.92,11208.68,
2024-12-11,,28217.38,80982.39,11210.14,
2024-12-12,27011.08,28181.0,80770.39,11206.16,
2024-12-15,,28118.24,80567.9,11212.73,
2024-12-16,,28182.48,80770.71,11213.93,
2024-12-17,27019.26,28115.12,80549.56,11213.94,
2024-12-18,,28179.63,80779.16,11217.05,
2024-12-19,27049.27,27983.86,80288.95,11218.04,
2024-12-22,,28079.61,80543.95,11226.95,
2024-12-23,,28225.01,80865.45,11226.96,
2024-12-24,27062.9,28223.07,80821.26,11229.86,
2024-12-25,,28514.28,81783.14,11231.8,
2024-12-26,27093.42,28459.1,81600.04,11233.93,
2024-12-29,,28470.79,81555.51,11238.47,
2024-12-30,,28516.12,81619.28,11241.09,
2025-01-01,,28427.18,81435.01,11239.21,
2025-01-02,27118.72,28404.11,81428.67,11238.57,
2025-01-05,,27961.55,80083.42,11243.61,
2025-01-06,,27768.66,79351.3,11243.25,
2025-01-07,27125.34,27806.01,79350.71,11244.18,
2025-01-08,,27843.49,79547.0,11247.32,
2025-01-09,27138.57,27719.44,79189.43,11247.97,
2025-01-12,,27376.88,78085.47,11251.92,
2025-01-13,,27520.07,78457.46,11256.67,
2025-01-14,27146.34,27339.89,77863.23,11257.18,
2025-01-15,,27437.78,78239.97,11260.4,
2025-01-16,27164.34,27530.91,78653.63,11263.32,
2025-01-19,,27780.98,79362.23,11267.29,
2025-01-20,,27790.28,79413.93,11269.15,
2025-01-21,27179.98,27739.83,79267.68,11269.42,
2025-01-22,,27714.93,79159.95,11273.51,
2025-01-23,27202.18,28114.27,80461.81,11275.12,
2025-02-02,27212.53,28170.19,80659.4,11290.75,
2025-02-03,,27821.56,79565.47,11280.21,
2025-02-04,27258.89,28135.36,80522.34,11281.67,
2025-02-05,,28232.52,80732.9,11284.69,
2025-02-06,27208.69,28287.55,80789.83,11286.57,
2025-02-09,,28338.68,80827.06,11304.36,
2025-02-10,,27986.21,79667.08,11309.96,
2025-02-11,27231.75,28174.81,80271.74,11311.48,
2025-02-12,,28128.79,80100.84,11311.43,
2025-02-13,27324.3,28194.8,80155.61,11310.63,
2025-02-16,,28231.94,80444.46,11313.5,
2025-02-17,,27989.77,79806.58,11316.03,
2025-02-18,27323.65,28115.44,80161.99,11319.55,
2025-02-19,,28360.79,80986.2,11321.52,
2025-02-20,27347.59,28403.61,81090.83,11322.64,
2025-02-23,,28487.22,81251.3,11326.14,
2025-02-24,,28588.92,81614.03,11327.73,
2025-02-25,27358.07,28503.61,81418.39,11329.0,
2025-02-26,,28517.78,81440.47,11334.01,
2025-02-27,27383.55,28622.62,81829.15,11335.72,
2025-03-02,,28470.17,81491.7,11341.52,
2025-03-03,,28499.75,81696.95,11342.78,
2025-03-04,27397.54,28617.29,82052.52,11344.65,
2025-03-05,,28446.05,81356.6,11342.4,
2025-03-06,27421.53,28774.81,82594.52,11344.03,
2025-03-09,,28840.74,82775.63,11349.5,
2025-03-10,,28804.32,82614.83,11350.11,
2025-03-11,27430.32,28857.28,82827.03,11352.76,
2025-03-12,,28736.45,82387.59,11355.6,
2025-03-13,27451.92,28388.12,81375.55,11353.27,
2025-03-16,,28245.46,80970.13,11361.08,
2025-03-17,,28368.43,81373.23,11362.85,
2025-03-18,27461.76,28237.84,80828.16,11371.98,
2025-03-19,,27963.73,80029.92,11377.45,
2025-03-20,27502.85,28007.16,80213.6,11377.48,
2025-03-23,,27993.37,80237.93,11376.36,
2025-03-24,,28090.16,80621.34,11377.9,
2025-03-25,27520.52,28136.27,80658.91,11378.3,
2025-03-26,,28036.27,80367.51,11376.55,
2025-03-27,27535.38,28014.02,80273.65,11374.17,
2025-03-30,,27832.96,79771.59,11380.59,
2025-03-31,,27653.14,79331.9,11384.26,
2025-04-01,27512.23,27748.2,79840.04,11387.08,
2025-04-02,,27740.82,79954.7,11388.61,
2025-04-03,27562.71,26078.95,75067.16,11390.36,
2025-04-07,,25884.46,74513.26,11396.9,
2025-04-08,27576.07,24505.57,70120.42,11400.36,
2025-04-09,,23963.41,68057.72,11401.28,
2025-04-10,27598.08,25319.05,71847.59,11404.53,
2025-04-13,,26269.7,74893.96,11407.46,
2025-04-14,,26605.96,76684.3,11413.18,
2025-04-15,27626.29,26342.39,75977.97,11410.29,
2025-04-16,,26102.01,74841.06,11408.91,
2025-04-17,27627.03,26161.59,75419.0,11413.44,
2025-04-20,,26216.06,75372.33,11426.31,
2025-04-21,,26082.94,74945.23,11426.96,
2025-04-22,27644.62,26022.83,74617.88,11427.26,
2025-04-23,,26403.37,75751.55,11431.99,
2025-04-24,27690.73,26501.24,76403.9,11433.19,
2025-04-27,,26588.94,76690.75,11437.83,
2025-04-28,,26459.56,76432.68,11436.72,
2025-05-04,27703.59,26494.67,76606.77,11445.01,
2025-05-05,,26728.07,77709.57,11449.74,
2025-05-06,27716.92,26699.86,77630.86,11451.45,
2025-05-07,,26743.58,78073.99,11453.39,
2025-05-08,27733.37,26976.72,79132.0,11452.08,
2025-05-11,,26988.43,78953.18,11458.33,
2025-05-12,,27315.26,80085.17,11462.42,
2025-05-13,27734.85,27655.28,81011.05,11463.26,
2025-05-14,,27967.49,81707.74,11463.4,
2025-05-15,27765.57,28014.61,81699.69,11466.73,
2025-05-18,,27713.43,81002.8,11471.72,
2025-05-19,,26167.74,80831.76,11478.04,
2025-05-20,27779.9,26578.4,82524.63,11473.84,
2025-05-21,,26854.09,83589.7,11481.91,
2025-05-22,27804.08,26716.56,83208.95,11483.88,
2025-05-25,,26791.93,83528.91,11488.29,
2025-05-26,,27151.41,84789.8,11486.81,
2025-05-27,27831.04,27307.73,85495.85,11488.08,
2025-05-28,,27287.95,85706.22,11491.36,
2025-05-29,27852.04,27320.39,86034.54,11490.74,
2025-06-01,,27086.72,85363.62,11497.25,
2025-06-02,,27166.07,85567.82,11496.41,
2025-06-03,27848.68,27426.32,86211.15,11498.97,
2025-06-04,,27336.0,86146.76,11500.45,
2025-06-05,27872.6,27302.55,86020.33,11502.36,
2025-06-08,,27077.02,85194.02,11505.48,
2025-06-09,,26788.32,83848.31,11509.26,
2025-06-10,27882.9,26940.14,84433.03,11512.56,
2025-06-11,,26951.39,84468.17,11514.12,
2025-06-12,27909.45,27273.01,85309.03,11514.58,
2025-06-15,,27074.44,84591.96,11521.15,
2025-06-16,,27483.58,85826.45,11520.21,
2025-06-17,27920.85,27686.69,86580.17,11521.1,
2025-06-18,,27693.02,86627.33,11523.76,
2025-06-19,27943.92,27778.39,87007.21,11525.22,
2025-06-22,,27796.08,87019.13,11529.74,
2025-06-23,,27804.58,87239.19,11531.71,
2025-06-24,27953.79,27997.14,87939.8,11535.1,
2025-06-25,,28012.61,88009.58,11533.85,
2025-06-26,27982.59,28073.4,88192.47,11534.19,
2025-06-29,,28125.99,88247.19,11538.89,
2025-06-30,,28249.95,88678.26,11544.89,
2025-07-01,27983.85,28182.61,88495.37,11546.08,
2025-07-02,,28376.04,89219.36,11547.4,
2025-07-03,28021.69,28378.69,89127.66,11549.7,
2025-07-06,,28558.19,89584.37,11554.77,
2025-07-07,,28888.24,90551.26,11556.47,
2025-07-08,28031.04,29139.91,91343.38,11558.26,
2025-07-09,,29263.6,91571.98,11560.11,
2025-07-10,28061.61,29374.23,92065.65,11562.08,
2025-07-13,,29477.5,92531.18,11566.88,
2025-07-14,,29745.32,93481.37,11568.22,
2025-07-15,28070.59,29538.15,93073.8,11566.2,
2025-07-16,,29811.01,94278.69,11567.93,
2025-07-17,28085.37,30158.87,95468.03,11563.99,
2025-07-20,,30517.02,96373.23,11570.57,
2025-07-21,,30272.72,95454.64,11575.25,
2025-07-22,28102.03,30671.44,97121.49,11577.33,
2025-07-23,,30783.57,97449.03,11578.38,
2025-07-24,28143.06,30904.03,97858.18,11580.59,
2025-07-27,,31194.91,98932.18,11585.84,
2025-07-28,,31704.5,100823.9,11587.0,
2025-07-29,28153.11,30242.41,96032.53,11589.47,
2025-07-30,,30746.35,97612.53,11590.28,
2025-07-31,28181.58,30606.89,97608.26,11591.77,
2025-08-03,,30461.08,96963.68,11595.71,
2025-08-04,,30997.93,99083.78,11597.12,
2025-08-05,28190.83,31348.01,100286.96,11599.32,
2025-08-06,,32074.61,102425.85,11600.5,
2025-08-07,28204.48,32426.35,103459.07,11605.07,
2025-08-10,,32476.74,103689.48,11606.16,
2025-08-11,,32687.5,104320.21,11607.12,
2025-08-12,28230.19,32904.71,104883.08,11609.88,
2025-08-13,,33054.36,105191.38,11613.87,
2025-08-14,28238.34,33745.02,107371.07,11613.02,
2025-08-17,,33406.01,106515.08,11617.95,
2025-08-18,,33587.49,107181.11,11619.31,
2025-08-19,28250.33,33962.26,108432.16,11621.88,
2025-08-20,,34008.33,108787.18,11623.85,
2025-08-21,28270.01,34475.29,109977.4,11624.89,
2025-08-24,,33294.87,106119.55,11630.48,
2025-08-25,,32356.97,103511.43,11631.34,
2025-08-26,28283.0,33717.74,107956.97,11633.63,
2025-08-27,,33886.69,108260.15,11634.97,
2025-08-28,28310.11,34247.94,109388.2,11635.89,
2025-09-02,28324.02,34544.97,110037.18,11639.4,
2025-09-03,,34546.65,110145.16,11645.56,
2025-09-04,28336.91,34827.65,111115.56,11646.67,
2025-09-07,,33943.44,108303.17,11651.66,
2025-09-08,,32926.17,104993.85,11654.72,
2025-09-09,28357.58,33362.61,106738.8,11656.18,
2025-09-10,,33402.4,106876.14,11658.17,
2025-09-11,28382.32,33638.22,107841.76,11658.02,
2025-09-14,,33736.05,108248.43,11663.58,
2025-09-15,,34115.16,109435.73,11665.24,
2025-09-16,28395.48,34037.79,108980.14,11667.44,
2025-09-17,,33493.28,107524.4,11669.3,
2025-09-18,28421.42,33436.28,107430.61,11670.17,
2025-09-21,,33178.13,106945.96,11676.04,
2025-09-22,,32664.17,105173.46,11675.49,
2025-09-23,28431.98,32737.11,105379.02,11679.11,
2025-09-24,,33330.44,107514.69,11680.35,
2025-09-25,28448.4,33324.26,107819.3,11681.74,
2025-09-28,,33095.31,107088.7,11687.16,
2025-09-29,,33080.02,107417.05,11687.68,
2025-09-30,28452.84,32900.96,107138.03,11691.75,
2025-10-01,,33075.89,107557.25,11693.34,
2025-10-02,28482.37,32614.81,106121.56,11694.34,
2025-10-05,,32235.45,105123.62,11698.73,
2025-10-06,,33413.34,109039.08,11701.54,
2025-10-07,28492.84,33088.41,107974.73,11703.55,
2025-10-08,,33542.63,109254.28,11704.09,
2025-10-09,28518.04,34014.25,110649.52,11704.76,
2025-10-12,,34452.65,112564.43,11711.69,
2025-10-13,,34836.45,114460.71,11713.03,
2025-10-14,28515.91,34750.03,114648.23,11714.92,
2025-10-15,,34837.03,114993.41,11717.26,
2025-10-16,28548.08,34961.35,115766.13,11720.43,
2025-10-19,,34344.94,113309.62,11724.35,
2025-10-20,,32377.93,106592.54,11725.55,
2025-10-21,28560.29,32486.61,107540.54,11728.3,
2025-10-22,,32788.14,108403.73,11729.04,
2025-10-23,28589.36,32617.41,108343.34,11730.8,
2025-10-26,,32371.67,107660.33,11737.06,
2025-10-27,,31468.84,104490.76,11736.96,
2025-10-28,28596.32,32025.49,106647.79,11738.81,
2025-10-29,,32156.91,106696.38,11740.36,
2025-10-30,28617.2,32023.58,105718.25,11745.04,
2025-11-02,,31552.93,103484.56,11748.25,
2025-11-03,,30818.74,100868.72,11750.2,
2025-11-04,28643.19,31523.73,103612.75,11750.51,
2025-11-05,,31344.36,103110.15,11751.51,
2025-11-06,28654.56,31040.39,102077.29,11753.32,
2025-11-09,,30173.62,99242.26,11763.62,
2025-11-10,,29891.73,98276.42,11764.26,
2025-11-11,28660.19,30233.37,99299.22,11766.03,
2025-11-12,,30848.57,101726.26,11766.95,
2025-11-13,28695.99,30761.22,101188.02,11774.05,
2025-11-16,,30923.39,101621.39,11774.85,
2025-11-17,,31185.91,102896.65,11774.01,
2025-11-18,28728.86,31283.17,103357.6,11774.49,
2025-11-19,,31048.62,102573.34,11778.22,
2025-11-20,28732.41,31012.25,102835.17,11779.19,
2025-11-23,,30923.41,102859.28,11785.62,
2025-11-24,,30910.48,103152.84,11784.93,
2025-11-25,28739.97,30558.14,102377.99,11786.48,
2025-11-26,,30960.55,103724.44,11793.16,
2025-11-27,28769.7,30863.69,103398.79,11795.6,
2025-11-30,,30815.33,103858.67,11797.98,
2025-12-01,,30733.42,104036.33,11795.74,
2025-12-02,28800.67,30805.34,104710.89,11797.21,
2025-12-03,,31280.99,105760.69,11799.05,
2025-12-04,28801.88,31455.02,106203.6,11803.15,
2025-12-07,,31234.5,106231.0,11806.95,
2025-12-08,,31161.57,106686.24,11810.53,
2025-12-09,28818.61,30736.01,106117.3,11814.08,
2025-12-10,,30566.8,104269.9,11812.17,
2025-12-11,28826.63,30189.69,102786.98,11816.82,
2025-12-14,,29184.85,99448.2,11821.27,
2025-12-15,,29189.97,99306.7,11825.87,
2025-12-16,28859.78,29843.11,101354.62,11828.14,
2025-12-17,,29753.34,100952.85,11831.34,
2025-12-18,28884.26,29819.4,101125.4,11838.14,
2025-12-21,,30161.63,102955.39,11844.19,
2025-12-22,,30748.01,105900.56,11845.96,
2025-12-23,28914.22,30886.44,107418.52,11850.26,
2025-12-24,,31233.52,108699.14,11846.1,
2025-12-25,28931.83,30594.54,105647.17,11851.68,
2025-12-28,,30527.96,105045.65,11849.45,
2025-12-29,,30867.65,106420.05,11851.32,
2025-12-30,28939.65,31003.96,107127.08,11861.51,
2026-01-04,28939.65,31156.58,108177.37,11871.35,
2026-01-05,,31086.07,108114.64,11871.67,
2026-01-06,28990.47,31645.0,109782.89,11865.19,
2026-01-07,,32196.56,111575.43,11866.2,
2026-01-08,29009.27,32002.37,110245.51,11870.39,
2026-01-11,,32031.5,110189.86,11874.97,
2026-01-12,,32434.63,110744.79,11873.94,
2026-01-13,29030.72,32779.06,111846.12,11879.11,
2026-01-14,,32674.76,111012.62,11879.49,
2026-01-15,29048.46,32467.34,109603.98,11883.17,
2026-01-18,,32530.26,110053.46,11892.4,
2026-01-19,,32813.06,111407.99,11887.79,
2026-01-20,29060.9,32728.09,111104.94,11891.74,
2026-01-21,,32673.74,110933.12,11894.59,
2026-01-22,29072.24,32629.0,110737.96,11899.23,
2026-01-25,,32179.98,109697.95,11905.87,
2026-01-26,,31671.34,107785.37,11899.72,
2026-01-27,29098.95,31884.54,107860.47,11903.68,
2026-01-28,,31924.39,107798.17,11925.2,
2026-01-29,29095.83,32226.18,108628.58,11934.04,
2026-02-01,,32651.95,109876.05,11941.06,
2026-02-02,,32867.39,109788.21,11938.77,
2026-02-03,29115.26,33009.91,110247.62,11943.21,
2026-02-04,,33124.4,110245.35,11942.97,
2026-02-05,29126.42,32507.88,108182.99,11943.92,
2026-02-08,,31975.02,106459.86,11949.53,
2026-02-09,,32045.32,106667.84,11956.63,
2026-02-10,29134.89,31536.79,105417.6,11953.72,
2026-02-11,,32060.19,107617.07,11959.06,
2026-02-12,29169.8,32206.16,108387.04,11965.41,
2026-02-22,29205.71,32392.57,109026.08,11976.35,
2026-02-23,,32978.45,110960.82,11984.09,
2026-02-24,29205.71,33280.83,111675.3,11993.25,
2026-02-25,,33399.31,111696.01,11994.02,
2026-02-26,29293.51,33461.15,112345.79,11997.12,
2026-03-01,,33464.16,112300.39,11997.66,
2026-03-02,,33383.13,111144.5,12002.0,
2026-03-03,29310.56,33312.06,110047.7,11978.15,
2026-03-04,,33240.51,109432.02,11981.19,
2026-03-05,29329.17,32512.37,107562.38,11980.88,
2026-03-08,,32034.82,105927.53,11987.53,
2026-03-09,,30157.43,99510.54,11995.1,
2026-03-10,29337.02,30737.44,101173.3,11997.56,
2026-03-11,,31571.77,104000.09,12002.39,
2026-03-12,29372.28,31338.81,103057.25,11994.23,
2026-03-15,,30939.32,101906.47,12000.3,
2026-03-16,,30638.82,101388.49,11997.0,
2026-03-17,29377.75,30667.63,101919.53,12000.26,
2026-03-18,,30771.55,101873.35,11998.28,
2026-03-19,29388.58,30595.54,101307.22,12001.11,
2026-03-22,,30093.23,99203.81,12010.55,
2026-03-23,,29281.44,96298.19,12011.45,
2026-03-24,29388.12,29773.45,97923.63,12014.36,
2026-03-25,,30470.05,100237.48,12015.85,
2026-03-26,29431.19,30279.58,99362.73,12026.94,
2026-03-29,,30614.74,100644.21,12029.37,
2026-03-30,,30609.61,100494.67,12026.76,
2026-03-31,29460.98,30621.18,101094.24,12027.68,
2026-04-01,,30481.84,101419.04,12029.65,
2026-04-02,29467.8,30235.08,100505.28,12029.12,
2026-04-05,,29752.87,99190.22,12035.98,
2026-04-06,,29332.02,98265.8,12039.36,
2026-04-07,29466.51,29390.29,98329.57,12042.95,
2026-04-08,,30413.39,102547.0,12045.42,
2026-04-09,29499.77,30198.72,101858.8,12044.87,
2026-04-12,,30177.69,101912.6,12047.84,
2026-04-13,,30158.17,101983.79,12049.3,
2026-04-14,29486.24,30294.09,102530.31,12047.25,
2026-04-15,,30160.04,102493.12,12046.62,
2026-04-16,29501.06,30194.16,103073.92,12048.62,
2026-04-19,,30182.13,103306.7,12055.56,
2026-04-20,,30515.24,104381.7,12059.26,
2026-04-21,29501.99,30317.54,103887.49,12062.28,
2026-04-22,,30291.61,104468.32,12063.69,
2026-04-23,29537.23,30118.45,104502.12,12065.59,
2026-04-27,,29839.68,103760.78,12075.21,
2026-04-28,29550.58,29911.52,104707.02,12084.28,
2026-05-03,29592.02,29811.89,103653.99,12097.24,
2026-05-04,,29794.52,103282.62,12094.34,
2026-05-05,29636.35,29906.07,103844.64,12097.53,
2026-05-06,,30209.81,104749.36,12099.49,
2026-05-07,29631.38,30502.45,105920.95,12099.93,
2026-05-10,29657.98,30566.59,106461.34,12108.03,
2026-05-11,29671.19,30212.27,105322.44,12112.45,
2026-05-12,29665.41,30410.86,105860.73,12111.99,
2026-05-13,29671.86,30186.82,105371.87,12114.35,
2026-05-14,29701.25,30471.68,106573.1,12124.67,
2026-05-17,29730.39,30267.81,105889.22,12133.01,
2026-05-18,29744.08,30248.76,105725.73,12138.25,
2026-05-19,29753.72,30117.31,104941.13,12140.17,
2026-05-20,29745.9,29919.57,104433.6,12141.83,
2026-05-21,29749.79,29857.5,103726.81,12140.38,
2026-05-24,29776.18,29486.28,102510.28,12147.32,
2026-05-25,29779.63,29636.52,102823.67,12151.19,
2026-05-26,29783.94,29700.65,102890.99,12150.0,
2026-05-27,29799.23,29512.26,102412.47,12152.73,
2026-05-28,29800.07,29365.53,101408.24,12153.13,
2026-05-31,29798.93,29262.8,101122.59,12154.18,
2026-06-01,29795.66,29118.17,100623.83,12156.6,
2026-06-02,29799.73,28832.46,99453.27,12157.39,
2026-06-03,29809.66,28899.87,99622.1,12162.87,
2026-06-04,29809.57,29156.08,100470.57,12163.7,
2026-06-07,29829.51,29080.88,100378.09,12167.64,
2026-06-08,29833.22,28445.76,97994.49,12171.09,
2026-06-09,29844.66,28591.12,98468.78,12171.53,
2026-06-10,29845.48,28669.19,98962.86,12169.11,
2026-06-11,29859.88,28504.41,98464.3,12175.69,
2026-06-14,29884.81,28331.3,97989.55,12184.22,
2026-06-15,29895.2,28630.71,99157.88,12189.64,
2026-06-16,29882.8,28684.72,99543.36,12186.95,
2026-06-17,29893.36,28724.42,99564.0,12187.47,
2026-06-18,29896.05,28702.0,99846.05,12186.02,
2026-06-21,29903.98,28524.29,99239.87,12195.48,
2026-06-22,29893.5,28618.2,100292.71,12186.59,
2026-06-23,29946.32,28538.33,100437.0,12205.63,
2026-06-24,29948.03,28576.04,100632.49,12205.47,
2026-06-25,29950.99,28457.62,100143.04,12207.97,
2026-06-28,29969.1,28624.75,100615.8,12211.99,
2026-06-29,29965.96,28691.13,100550.64,12212.07,
2026-06-30,29981.2,28672.44,100667.85,12216.62,
2026-07-01,29998.55,28860.69,101144.25,12221.84,
2026-07-02,29992.37,28804.5,101039.87,12218.48,
2026-07-05,30014.53,28717.82,100665.01,12228.36,
2026-07-06,30012.16,28429.29,99483.43,12225.59,
2026-07-07,30019.61,28403.17,99732.89,12226.51,
2026-07-08,30017.24,28463.09,99879.19,12226.27,
2026-07-09,30011.82,28204.06,99018.96,12225.32,
2026-07-12,30041.63,27887.74,98053.01,12239.77,
2026-07-13,30049.67,25622.54,96724.5,12235.79,
2026-07-14,30054.01,25724.96,97109.0,12237.4,
2026-07-15,30066.89,25397.77,95807.83,12242.62,
2026-07-16,30075.69,25655.77,96837.02,12242.88,
2026-07-19,30091.39,25511.56,96101.41,12251.01,
2026-07-20,30092.04,24935.23,93766.64,12249.9,
2026-07-21,30097.39,24889.76,93429.12,12253.88,
2026-07-22,30098.15,24275.49,90617.66,12254.25,
2026-07-23,30103.52,24416.18,91834.21,12256.03,
2026-07-26,30133.75,24265.91,91251.09,12261.09,
2026-07-27,30135.13,23948.63,89852.73,12263.57,
2026-07-28,30160.29,24129.25,90653.15,12273.06,
2026-07-29,30160.01,24280.53,91495.2,12271.29,
2026-07-30,30103.52,24704.44,93288.23,12275.89,
2026-08-02,30183.64,24702.22,92958.24,12278.74,
2026-08-03,30186.65,25068.51,94160.51,12286.13,
2026-08-04,30191.8,25122.34,94597.59,12282.91,
2026-08-05,30202.49,25039.57,94374.35,12285.25,
2026-08-06,30194.7,24920.82,93915.08,12282.26,
2026-08-09,30213.28,25010.2,93997.38,12290.73,
2026-08-10,30225.37,25228.91,94689.48,12293.46,
2026-08-11,30230.81,25158.37,94397.44,12294.79,
2026-08-12,30228.18,25272.18,95135.49,12295.89,
2026-08-13,30233.07,25079.07,93969.17,12296.47,
2026-08-16,30249.78,24797.12,92623.97,12305.31,
2026-08-17,30258.19,24823.8,92648.53,12307.03,
2026-08-18,30264.67,24795.17,92560.39,12309.36,
2026-08-19,30281.64,24740.2,92333.86,12310.35,
2026-08-20,30309.57,24798.87,92611.71,12321.55,
2026-08-23,30301.74,25181.58,94423.17,12325.79,
2026-08-24,30318.82,25244.49,95114.81,12321.16,
2026-08-25,30331.82,25097.79,94749.24,12325.32,
2026-08-26,30319.48,25364.08,96246.61,12322.16,
2026-08-27,30319.34,25449.36,96849.93,12322.15,
2026-09-02,30360.89,25439.91,96730.32,12334.04,
2026-09-03,30381.3,25086.53,95765.45,12341.15,
2026-09-06,30387.04,25207.49,96665.58,12343.76,
2026-09-07,30401.82,24923.37,95086.03,12351.05,
2026-09-08,30426.13,24953.41,95419.75,12356.64,
2026-09-09,30452.23,24944.58,95308.61,12358.63,
2026-09-10,30445.76,25007.62,95620.26,12352.17,
2026-09-13,30471.04,24592.12,93863.84,12361.05,
